-- phpMyAdmin SQL Dump
-- version 3.2.4
-- http://www.phpmyadmin.net
--
-- Host: localhost
-- Generation Time: Apr 12, 2013 at 01:45 AM
-- Server version: 5.1.44
-- PHP Version: 5.3.1

SET SQL_MODE="NO_AUTO_VALUE_ON_ZERO";


DROP DATABASE IF EXISTS mealplanner;
CREATE DATABASE IF NOT EXISTS mealplanner;
GRANT ALL PRIVILEGES ON mealplanner.* TO 'Mealuser'@'localhost' identified by 'user';
use mealplanner;

/*!40101 SET @OLD_CHARACTER_SET_CLIENT=@@CHARACTER_SET_CLIENT */;
/*!40101 SET @OLD_CHARACTER_SET_RESULTS=@@CHARACTER_SET_RESULTS */;
/*!40101 SET @OLD_COLLATION_CONNECTION=@@COLLATION_CONNECTION */;
/*!40101 SET NAMES utf8 */;

--
-- Database: `mealplanner`
--

-- --------------------------------------------------------

--
-- Table structure for table `dish`
--

CREATE TABLE IF NOT EXISTS `dish` (
  `recipe_id` int(10) unsigned NOT NULL,
  `meal_id` int(10) unsigned NOT NULL,
  PRIMARY KEY (`recipe_id`,`meal_id`),
  KEY `meal_id` (`meal_id`)
) ENGINE=InnoDB DEFAULT CHARSET=latin1;

--
-- Dumping data for table `dish`
--


-- -------------------------------------------------------- 
 
--
-- Table structure for table `users`
--

CREATE TABLE IF NOT EXISTS `users` (
 `user_id` int(10) unsigned NOT NULL AUTO_INCREMENT,
 `email` varchar(40) NOT NULL,
 `password` varchar(20) NOT NULL,
 PRIMARY KEY(`user_id`)
) ENGINE=InnoDB  DEFAULT CHARSET=latin1 AUTO_INCREMENT=1 ;

--
-- Dumping data for table `users`
--

INSERT INTO `users` (`user_id`, `email`, `password`) VALUES
(1, 'test@umw.edu', 'test');

-- -------------------------------------------------------- 


--
-- Table structure for table `food`
--

CREATE TABLE IF NOT EXISTS `food` (
  `food_id` int(10) unsigned NOT NULL AUTO_INCREMENT,
  `food_name` varchar(75) NOT NULL,
  `store_loc` varchar(30) NOT NULL,
  PRIMARY KEY (`food_id`)
) ENGINE=InnoDB  DEFAULT CHARSET=latin1 AUTO_INCREMENT=217 ;

--
-- Dumping data for table `food`
--

INSERT INTO `food` (`food_id`, `food_name`, `store_loc`) VALUES
(1, 'NY Strip Steak', 'placeHolder'),
(2, 'Black Peppercorn', 'placeHolder'),
(3, 'Lime Pepper Seasoning', 'placeHolder'),
(122, 'Russet Potatoes', 'placeHolder'),
(123, 'Salt', 'placeHolder'),
(124, 'Half-and-half', 'placeHolder'),
(125, 'Garlic (Crushed)', 'placeHolder'),
(126, 'Grated Parmesan', 'placeHolder'),
(127, 'Olive Oil', 'placeHolder'),
(128, 'Yellow Onion', 'placeHolder'),
(129, 'Minced Garlic', 'placeHolder'),
(130, 'Italian Turkey Sauce', 'placeHolder'),
(131, 'Crushed Tomato', 'placeHolder'),
(132, 'Tomato Paste', 'placeHolder'),
(133, 'Leaf Parsley', 'placeHolder'),
(134, 'Basil Leaves', 'placeHolder'),
(135, 'Chicken', 'placeHolder'),
(136, 'Butter', 'placeHolder'),
(137, 'Lemon', 'placeHolder'),
(138, 'Garlic', 'placeHolder'),
(139, 'Amaretto Liqueur', 'placeHolder'),
(140, 'Whole Chicken', 'placeHolder'),
(141, 'Dried Thyme', 'placeHolder'),
(142, 'Carrots', 'placeHolder'),
(143, 'Bacon', 'placeHolder'),
(144, 'Beef Broth', 'placeHolder'),
(145, 'Pizza Crust', 'placeHolder'),
(146, 'Spicy BBQ Sauce', 'placeHolder'),
(147, 'Skinless Boneless Chicken Breast', 'placeHolder'),
(148, 'Chopped Fresh Cilantro', 'placeHolder'),
(149, 'Sliced Pepperoncini Peppers', 'placeHolder'),
(150, 'Chopped Red Onion', 'placeHolder'),
(151, 'Shredded Colby Jack Cheese', 'placeHolder'),
(152, 'Vegetable Oil', 'placeHolder'),
(153, 'Chopped Onion', 'placeHolder'),
(154, 'Flour', 'placeHolder'),
(155, 'Hamburger Bun', 'placeHolder'),
(156, 'Mayonnaise', 'placeHolder'),
(157, 'Lettuce', 'placeHolder'),
(158, 'Tomato', 'placeHolder'),
(159, 'Potato Salad', 'placeHolder'),
(160, 'Salmon Fillets', 'placeHolder'),
(161, 'Fat Free Milk', 'placeHolder'),
(162, 'Cream Cheese', 'placeHolder'),
(163, 'Chopped Cucumbers', 'placeHolder'),
(164, 'Chopped Fresh Dill', 'placeHolder'),
(165, 'Long Grain White Rice', 'placeHolder'),
(166, 'Sesame Oil', 'placeHolder'),
(167, 'Copped Parsley', 'placeHolder'),
(168, 'Hot Sauce', 'placeHolder'),
(169, 'Sliced Potatos', 'placeHolder'),
(170, 'Sliced Red Onion', 'placeHolder'),
(171, 'Campbell''s Condensed Cream of Mushroom Soup', 'placeHolder'),
(172, 'Shredded Two Cheese Blend', 'placeHolder'),
(173, 'Grated Parmesan Cheese', 'placeHolder'),
(174, 'Milk', 'placeHolder'),
(175, 'Black Pepper', 'placeHolder'),
(176, 'Corkscrewed Shaped Pasta', 'placeHolder'),
(177, 'Water', 'placeHolder'),
(178, 'Brown Rice', 'placeHolder'),
(179, 'Diced Red Onions', 'placeHolder'),
(180, 'Diced Celery', 'placeHolder'),
(181, 'Dried Cranberries', 'placeHolder'),
(182, 'Balsamic Vinaigrette Salad Dressing', 'placeHolder'),
(183, 'Sugar', 'placeHolder'),
(184, 'Yellow Cornmeal', 'placeHolder'),
(185, 'Peeled, Cored, & Chopped Apples', 'placeHolder'),
(186, 'Corn with Husks', 'placeHolder'),
(187, 'Beer', 'placeHolder'),
(188, 'Ice Cubes', 'placeHolder'),
(189, 'Frozen Whole Green Beans', 'placeHolder'),
(190, 'Clove Garlic Crushed', 'placeHolder'),
(191, 'Spagetti', 'placeHolder'),
(192, 'Lemon Juice', 'placeHolder'),
(193, 'Wedge Cut Baking Potatos', 'placeHolder'),
(194, 'Tri-color Rotini Pasta', 'placeHolder'),
(195, 'Pepperoni', 'placeHolder'),
(196, 'Broccoli', 'placeHolder'),
(197, 'Black Olives', 'placeHolder'),
(198, 'Mozzarella Cheese', 'placeHolder'),
(199, 'Italian Dressing', 'placeHolder'),
(200, 'Creamed Corn', 'placeHolder'),
(201, 'Sour Cream', 'placeHolder'),
(202, 'Eggs', 'placeHolder'),
(203, 'Radishes', 'placeHolder'),
(204, 'Chicken Broth', 'placeHolder'),
(205, 'Tomato Sauce', 'placeHolder'),
(206, 'Taco Seasoning Mix', 'placeHolder'),
(207, 'Instant Rice', 'placeHolder'),
(208, 'Zucchini', 'placeHolder'),
(209, 'Corn Kernals', 'placeHolder'),
(210, 'Diced Red Onion', 'placeHolder'),
(211, 'Chopped Chives', 'placeHolder'),
(212, 'Parsley', 'placeHolder'),
(213, 'Chopped Turkey', 'placeHolder'),
(214, 'Sweet Potato''s Sliced', 'placeHolder'),
(215, 'Tomato Basil Feta Cheese', 'placeHolder'),
(216, 'Vinegar', 'placeHolder');

-- --------------------------------------------------------

--
-- Table structure for table `ingredient`
--

CREATE TABLE IF NOT EXISTS `ingredient` (
  `food_id` int(10) unsigned NOT NULL,
  `recipe_id` int(10) unsigned NOT NULL,
  `amount` int(11) NOT NULL,
  `units` varchar(20) NOT NULL,
  PRIMARY KEY (`food_id`,`recipe_id`),
  KEY `recipe_id` (`recipe_id`)
) ENGINE=InnoDB DEFAULT CHARSET=latin1;

--
-- Dumping data for table `ingredient`
--

INSERT INTO `ingredient` (`food_id`, `recipe_id`, `amount`, `units`) VALUES
(1, 1, 4, 'Strips'),
(2, 1, 1, 'Cups'),
(3, 1, 3, 'Tablespoons'),
(122, 39, 4, 'Pounds'),
(123, 39, 2, 'Tablespoons'),
(124, 39, 16, 'Fluid Ounces'),
(125, 39, 6, 'Cloves'),
(126, 39, 6, 'Ounces'),
(127, 40, 2, 'Tablespoons'),
(128, 40, 1, 'Cup'),
(129, 40, 2, 'Cloves'),
(130, 40, 2, 'Pounds'),
(131, 40, 1, 'Can'),
(132, 40, 1, 'Can'),
(133, 40, 0, 'Cup'),
(134, 40, 1, 'Cup'),
(135, 41, 1, 'Whole'),
(136, 41, 0, 'Cup'),
(137, 41, 1, 'Half'),
(138, 41, 1, 'Halved'),
(139, 41, 1, 'Cup'),
(139, 42, 2, 'Tablespoons'),
(140, 42, 4, 'Pounds'),
(141, 42, 1, 'Teaspoon'),
(142, 42, 2, 'Whole'),
(143, 42, 8, 'Slices'),
(144, 42, 2, 'Cups'),
(145, 43, 1, '12 Inches'),
(146, 43, 1, 'Cup'),
(147, 43, 2, 'Cooked and Cubed'),
(148, 43, 1, 'Cup'),
(149, 43, 1, 'Cup'),
(150, 43, 1, 'Cup'),
(151, 43, 2, 'Cups'),
(152, 44, 1, 'Tablespoons'),
(153, 44, 1, 'Whole'),
(154, 45, 3, 'Cups'),
(155, 46, 1, 'Whole'),
(156, 46, 2, 'Tablespoon'),
(157, 46, 2, 'Leaves'),
(158, 46, 2, 'Slices'),
(159, 46, 0, 'Cups'),
(160, 47, 4, '4 Ounces'),
(161, 47, 1, 'Cup'),
(162, 47, 1, 'Cup'),
(163, 47, 2, 'Cups'),
(164, 47, 2, 'Tablespoons'),
(165, 47, 2, 'Cups'),
(165, 48, 0, 'Cup'),
(166, 48, 0, 'Cup'),
(167, 48, 0, 'Cup'),
(168, 48, 2, 'Tablespoons'),
(169, 49, 4, 'Whole'),
(170, 49, 1, 'Whole'),
(171, 50, 1, 'Can'),
(172, 50, 1, '8 Ounce'),
(173, 50, 0, 'Cups'),
(174, 50, 1, 'Cup'),
(175, 50, 0, 'Teaspoon'),
(176, 50, 4, 'Cups'),
(177, 51, 2, 'Cups'),
(178, 51, 1, 'Cup'),
(179, 51, 0, 'Cups'),
(180, 51, 1, 'Cup'),
(181, 51, 0, 'Cup'),
(182, 51, 1, 'Cup'),
(183, 51, 1, 'Tablespoon'),
(183, 52, 1, 'Cups'),
(184, 52, 0, 'Cups'),
(185, 53, 6, 'Cups'),
(186, 54, 10, 'Ears'),
(187, 54, 1, 'Quart'),
(188, 54, 1, '7 Pound Bag'),
(188, 55, 1, 'Tablespoon'),
(189, 55, 1, 'Pound'),
(190, 55, 1, 'Large'),
(191, 56, 1, 'Pound'),
(191, 57, 1, 'Tablespoon'),
(192, 57, 1, 'Tablespoon'),
(193, 57, 2, 'Large'),
(194, 58, 1, '16 Ounce'),
(195, 58, 0, 'Sliced'),
(196, 58, 1, 'Cup'),
(197, 58, 1, '6 Ounce'),
(198, 58, 1, '8 Ounce'),
(199, 58, 1, '16 Ounce'),
(200, 59, 2, '15 Ounce Cans'),
(201, 59, 1, '8 Ounce'),
(202, 59, 2, 'Whole'),
(202, 60, 1, 'Tablespoon'),
(203, 61, 20, 'Whole'),
(204, 62, 1, 'Can'),
(205, 62, 1, 'Can'),
(206, 62, 1, '1 Ounce'),
(207, 62, 2, 'Cups'),
(208, 63, 6, 'Whole'),
(208, 64, 1, 'Teaspoon'),
(209, 64, 2, 'Ears'),
(210, 64, 1, 'Half'),
(211, 64, 1, 'Tablespoon'),
(212, 64, 1, 'Tablespoon'),
(212, 65, 1, 'Teaspoon'),
(213, 66, 1, 'Pound'),
(214, 67, 2, 'Large'),
(215, 67, 1, '4 Ounce'),
(216, 67, 1, 'Tablespoon'),
(216, 68, 1, 'Cup');

-- --------------------------------------------------------

--
-- Table structure for table `meal`
--

CREATE TABLE IF NOT EXISTS `meal` (
  `meal_id` int(10) unsigned NOT NULL AUTO_INCREMENT,
  `cook_date` date NOT NULL,
  PRIMARY KEY (`meal_id`)
) ENGINE=InnoDB  DEFAULT CHARSET=latin1 AUTO_INCREMENT=8 ;

--
-- Dumping data for table `meal`
--


-- --------------------------------------------------------

--
-- Table structure for table `meal_connector`
--

CREATE TABLE IF NOT EXISTS `meal_connector` (
  `meal_id` int(10) unsigned NOT NULL,
  `meal_plan_id` int(10) unsigned NOT NULL,
  PRIMARY KEY (`meal_id`,`meal_plan_id`),
  KEY `meal_plan_id` (`meal_plan_id`)
) ENGINE=InnoDB DEFAULT CHARSET=latin1;

--
-- Dumping data for table `meal_connector`
--


-- --------------------------------------------------------

--
-- Table structure for table `meal_plan`
--

CREATE TABLE IF NOT EXISTS `meal_plan` (
  `meal_plan_id` int(10) unsigned NOT NULL AUTO_INCREMENT,
  `week_start` date NOT NULL,
  `pdf_loc` varchar(50) NOT NULL,
  PRIMARY KEY (`meal_plan_id`)
) ENGINE=InnoDB  DEFAULT CHARSET=latin1 AUTO_INCREMENT=2 ;

--
-- Dumping data for table `meal_plan`
--


-- --------------------------------------------------------

--
-- Table structure for table `recipe`
--

CREATE TABLE IF NOT EXISTS `recipe` (
  `recipe_id` int(10) unsigned NOT NULL AUTO_INCREMENT,
  `recipe_name` varchar(50) NOT NULL,
  `description` blob NOT NULL,
  `instructions` blob NOT NULL,
  `cook_time` time NOT NULL,
  `rating` int(11) NOT NULL,
  `comments` blob,
  `last_cook_week` date DEFAULT NULL,
  `date_added` date NOT NULL,
  `side_dishes` int(11) NOT NULL,
  `pic_location` varchar(50) NOT NULL,
  PRIMARY KEY (`recipe_id`)
) ENGINE=InnoDB  DEFAULT CHARSET=latin1 AUTO_INCREMENT=69 ;

--
-- Dumping data for table `recipe`
--

INSERT INTO `recipe` (`recipe_id`, `recipe_name`, `description`, `instructions`, `cook_time`, `rating`, `comments`, `last_cook_week`, `date_added`, `side_dishes`, `pic_location`) VALUES
(1, 'Peppered New York Strip Steak', 0x4c6565204375737465722073656e7420696e20746869732072656369706520666f722061207370696365642075702061204e657720596f726b20537472697020537465616b2e205468652073656372657420697320746f2075736520637261636b656420706570706572636f726e732c206e6f742067726f756e642e205468617420736f6c69642070657070657220666c61766f722069732077686174206d616b6573207468697320737465616b20736f2067726561742e, 0x506c6163652070657070657220636f726e7320696e206d6f7274617220616e6420706573746c652c20636f617273656c7920637275736820756e74696c206d6f7374206f662074686520636f726e73206172652062726f6b656e2028796f752063616e20757365206120636f66666565206772696e646572206f7220666f6f642070726f636573736f7220666f7220746869732073746570292e20436f766572206f6e652073696465206f6620737465616b73207769746820637275736865642070657070657220616e6420707265737320696e206669726d6c792c20737072696e6b6c652077697468204c696d652050657070657220736561736f6e696e6720616e642073616c742e205475726e20737465616b73206f76657220616e6420726570656174207468652073616d652070726f63657373202e20506c61636520696e20726566726967657261746f7220666f72203320686f7572732c20756e636f76657265642e2048656174206772696c6c2c206272757368206772617465207769746820766567657461626c65206f72206f6c697665206f696c20616e6420706c61636520737465616b73206f76657220686f74746573742070617274206f66206669726520666f722033206d696e757465732c207475726e2074686520737465616b73206f76657220666f7220616e6f746865722033206d696e757465732e204d6f76652074686520737465616b7320746f206120636f6f6c65722070617274206f66206772696c6c20616e6420636f6e74696e756520746f20636f6f6b20756e74696c20646f6e6520746f20796f7572206c696b696e672e205365727665207769746820737465616b20736175636520616e64206c6f7473206f6620626565722e, '00:10:30', 1, 0x436f6d6d656e7473202a, '0000-00-00', '2013-03-29', 2, 'peppered new york strip steak'),
(39, 'Creamy Garlic Mashed Potatoes', 0x437265616d79206d617368656420706f7461746f6573207769746820612068696e74206f66206761726c6963, 0x5065656c20616e64206469636520706f7461746f65732c206d616b696e67207375726520616c6c206172652072656c61746976656c79207468652073616d652073697a652e20506c61636520696e2061206c6172676520736175636570616e2c20616464207468652073616c742c20616e6420636f76657220776974682077617465722e204272696e6720746f206120626f696c206f766572206d656469756d2d68696768206865617420616e64207468656e20726564756365206865617420746f206d61696e7461696e206120726f6c6c696e6720626f696c2e20436f6f6b20756e74696c20706f7461746f65732066616c6c206170617274207768656e20706f6b65642077697468206120666f726b2e0d0a0d0a48656174207468652068616c662d616e642d68616c6620616e6420746865206761726c696320696e2061206d656469756d20736175636570616e206f766572206d656469756d206865617420756e74696c2073696d6d6572696e672e2052656d6f76652066726f6d206865617420616e64207365742061736964652e0d0a0d0a52656d6f76652074686520706f7461746f65732066726f6d20746865206865617420616e6420647261696e206f6666207468652077617465722e204d61736820616e642061646420746865206761726c69632d637265616d206d69787475726520616e64205061726d6573616e3b207374697220746f20636f6d62696e652e204c6574207374616e6420666f722035206d696e7574657320736f2074686174206d69787475726520746869636b656e7320616e64207468656e2073657276652e, '00:50:00', 1, 0x436f6d6d656e74732a, '0000-00-00', '2013-04-11', -1, 'CREAMY GARLIC MASHED POTATOES'),
(40, 'Turkey Lasagna', 0x486f74206c617361676e6120737475666665642077697468207475726b65792e, 0x5072656865617420746865206f76656e20746f20343030206465677265657320462e0d0a0d0a4865617420746865206f6c697665206f696c20696e2061206c617267652028313020746f2031322d696e63682920736b696c6c65742e2041646420746865206f6e696f6e20616e6420636f6f6b20666f722035206d696e75746573206f766572206d656469756d2d6c6f7720686561742c20756e74696c207472616e736c7563656e742e2041646420746865206761726c696320616e6420636f6f6b20666f722031206d6f7265206d696e7574652e2041646420746865207361757361676520616e6420636f6f6b206f766572206d656469756d2d6c6f7720686561742c20627265616b696e672069742075702077697468206120666f726b2c20666f72203820746f203130206d696e757465732c206f7220756e74696c206e6f206c6f6e6765722070696e6b2e204164642074686520746f6d61746f65732c20746f6d61746f2070617374652c2032207461626c6573706f6f6e73206f662074686520706172736c65792c2074686520626173696c2c203120312f322074656173706f6f6e73206f66207468652073616c742c20616e6420312f322074656173706f6f6e207065707065722e2053696d6d65722c20756e636f76657265642c206f766572206d656469756d2d6c6f7720686561742c20666f7220313520746f203230206d696e757465732c20756e74696c20746869636b656e65642e0d0a0d0a4d65616e7768696c652c2066696c6c2061206c6172676520626f776c20776974682074686520686f7474657374207461702077617465722e2041646420746865206e6f6f646c657320616e6420616c6c6f77207468656d20746f2073697420696e2074686520776174657220666f72203230206d696e757465732e20447261696e2e0d0a0d0a496e2061206d656469756d20626f776c2c20636f6d62696e6520746865207269636f7474612c20676f6174206368656573652c203120637570206f66205061726d6573616e2c20746865206567672c207468652072656d61696e696e672032207461626c6573706f6f6e73206f6620706172736c65792c2072656d61696e696e6720312f322074656173706f6f6e2073616c742c20616e6420312f342074656173706f6f6e207065707065722e205365742061736964652e0d0a0d0a4c61646c6520312f33206f662074686520736175636520696e746f2061203920627920313220627920322d696e63682072656374616e67756c61722062616b696e6720646973682c20737072656164696e6720746865207361756365206f7665722074686520626f74746f6d206f662074686520646973682e205468656e2061646420746865206c617965727320617320666f6c6c6f77733a2068616c66207468652070617374612c2068616c6620746865206d6f7a7a6172656c6c612c2068616c6620746865207269636f7474612c20616e64206f6e6520312f33206f66207468652073617563652e20416464207468652072657374206f66207468652070617374612c206d6f7a7a6172656c6c612c207269636f7474612c20616e642066696e616c6c792c2073617563652e20537072696e6b6c65207769746820312f3420637570206f66205061726d6573616e2e2042616b6520666f72203330206d696e757465732c20756e74696c2074686520736175636520697320627562626c696e672e, '01:20:00', 1, 0x436f6d6d656e74732a, '0000-00-00', '2013-04-11', 1, 'turkey lasagna'),
(41, 'Amaretto Roasted Chicken', 0x4120776f6e64657266756c2c2073696d706c65207477697374206f6e20796f757220626173696320726f617374656420636869636b656e20746861742077696c6c20706c6561736520796f75722070617274792067756573747320616e64206d616b652074686520686f75736520736d656c6c20646976696e652120557365207468697320617320796f7572206d61696e206469736820666f72204368726973746d6173207061727469657320616e64206775657374732077696c6c2062656720666f72207468652072656369706521, 0x50726568656174206f76656e20746f2033353020646567726565732046202831373520646567726565732043292e0d0a506c6163652074686520636869636b656e20696e20612062616b696e672070616e2c20616e642072756220776974682032207461626c6573706f6f6e73206275747465722e20506c6163652072656d61696e696e672062757474657220616e6420312f3220746865206c656d6f6e20696e2074686520636869636b656e206361766974792e2053717565657a65206a756963652066726f6d2072656d61696e696e67206c656d6f6e2068616c66206f76657220636869636b656e2e20446973747269627574652073717565657a6564206c656d6f6e2068616c6620616e6420626f74682068616c766573206f6620746865206761726c6963206865616420696e207468652070616e2061726f756e642074686520636869636b656e2e20506f757220312f342063757020616d61726574746f206f76657220636869636b656e2e0d0a42616b6520636869636b656e203120686f757220616e64203235206d696e7574657320696e2074686520707265686561746564206f76656e2c206f7220756e74696c206a75696365732072756e20636c6561722e0d0a52656d6f766520636869636b656e2066726f6d2070616e2c20616e64207365742061736964652e2053717565657a65206a756963652066726f6d20746865206c656d6f6e2068616c6620696e7369646520636869636b656e20696e746f207468652070616e206a75696365732e204d61736820746865206761726c69632e2044697363617264206c656d6f6e207269647320616e64206761726c69632070756c702e20506f75722072656d61696e696e6720616d61726574746f20696e746f207468652070616e2c20616e64206d697820746f206d616b6520612067726176792e20536572766520636869636b656e2077697468207468652067726176792e, '01:40:00', 1, 0x436f6d6d656e74732a, '0000-00-00', '2013-04-11', 2, 'AMARETTO ROASTED CHICKEN'),
(42, 'Bacon Roasted Chicken', 0x4d6f69737420616e642074656e64657220636869636b656e20777261707065642077697468206261636f6e2e, 0x5072656865617420746865206f76656e20746f2034353020646567726565732046202832323020646567726565732043292e0d0a52756220627574746572206f7665722074686520656e7469726520636869636b656e2e20536561736f6e20776974682073616c742c2070657070657220616e64207468796d652e20506c6163652074686520636172726f747320696e7369646520746865206361766974792c20616e642074696520746865206c65677320746f6765746865722e20506c6163652074686520636869636b656e20627265617374207369646520757020696e206120726f617374696e672070616e2e204c6179206261636f6e20737472697073206163726f73732074686520746f70206f662074686520636869636b656e2c20616e6420736563757265207769746820746f6f74687069636b732e20537072696e6b6c6520776974682070617072696b612e20506f75722074686520626565662062726f746820696e746f2074686520726f617374696e672070616e202d20646f206e6f7420706f7572206f76657220746865206261636f6e2e0d0a526f61737420666f72203135206d696e7574657320696e2074686520707265686561746564206f76656e2c207468652072656475636520746865206865617420746f2033353020646567726565732046202831373520646567726565732043292e204261737465207769746820736f6d65206f66207468652062726f74682e20436f6e74696e756520746f20726f61737420666f72203120686f757220616e64203135206d696e757465732c206f7220756e74696c2074686520696e7465726e616c2074656d70657261747572652069732031383020646567726565732046202838322064656772656573204329207768656e2074616b656e20696e2074686520746869636b6573742070617274206f66207468652074686967682e204261737465206576657279203135206d696e757465732077697468207468652062726f74682e0d0a52656d6f766520746865206261636f6e20616e64206469736361726420746f6f74687069636b732e20526f6173742074686520636869636b656e20666f72203135206d6f7265206d696e7574657320746f2062726f776e2074686520736b696e2e205472616e7366657220746f20612073657276696e6720706c61747465722c20616e642072656d6f76652074686520746965732e20596f75206d61792065617420746865206261636f6e2c20627574206974206973206265737420746f20646973636172642074686520636172726f74732e, '02:30:00', 1, 0x436f6d6d656e74732a, '0000-00-00', '2013-04-11', 2, 'BACON ROASTED CHICKEN'),
(43, 'BBQ Chicken Pizza', 0x4120746f7070696e67206f662073706963792062617262657175652073617563652c20646963656420636869636b656e2c2063696c616e74726f2c20706570706572732c20616e64206f6e696f6e20616c6c20636f76657265642077697468206368656573652c20616e642062616b656420746f20627562626c7920676f6f646e6573732120546869732069732073696d696c617220746f206120726563697065204920686164206174206120706f70756c61722070697a7a6120706c61636520696e2043616c69666f726e69612e, 0x50726568656174206f76656e20746f2033353020646567726565732046202831373520646567726565732043292e0d0a506c6163652070697a7a61206372757374206f6e2061206d656469756d2062616b696e672073686565742e205370726561642074686520637275737420776974682062617262657175652073617563652e20546f70207769746820636869636b656e2c2063696c616e74726f2c207065707065726f6e63696e6920706570706572732c206f6e696f6e2c20616e64206368656573652e0d0a42616b6520696e2074686520707265686561746564206f76656e20666f72203135206d696e757465732c206f7220756e74696c20636865657365206973206d656c74656420616e6420627562626c792e, '00:45:00', 1, 0x436f6d6d656e74732a, '0000-00-00', '2013-04-11', 2, 'BBQ CHICKEN PIZZA'),
(44, 'Sweet Potato Burritos', 0x4f6e636520796f7527766520686164206f6e65202d20796f75276c6c2077616e7420616e6f746865722e20546865207265636970652069732061206c6974746c6520646966666572656e742066726f6d206d6f7374206275727269746f20726563697065732c20627574204927766520686164206d616e792c206d616e7920726571756573747320666f722069742e205365727665207468657365207769746820736f757220637265616d2c2063686f7070656420677265656e206f6e696f6e7320616e642073616c73612e20466f7220766567616e206275727269746f732c206f6d6974207468652063686565736520616e6420736f757220637265616d2e205468657365206d6179206265206d616465206168656164206f662074696d652c20696e646976696475616c6c792066726f7a656e2c207468656e206865617465642e20466f7220616e20696e746572657374696e6720766172696174696f6e2c20747279206465657020667279696e67207468657365207461737479206275727269746f732e, 0x50726568656174206f76656e20746f2033353020646567726565732046202831373520646567726565732043292e0d0a48656174206f696c20696e2061206d656469756d20736b696c6c65742c20616e64207361757465206f6e696f6e20616e64206761726c696320756e74696c20736f66742e205374697220696e206265616e732c20616e64206d6173682e204772616475616c6c79207374697220696e2077617465722c20616e64206865617420756e74696c207761726d2e2052656d6f76652066726f6d20686561742c20616e64207374697220696e20746865206368696c6920706f776465722c2063756d696e2c206d7573746172642c20636179656e6e652070657070657220616e6420736f792073617563652e0d0a446976696465206265616e206d69787475726520616e64206d617368656420737765657420706f7461746f6573206576656e6c79206265747765656e20746865207761726d20666c6f757220746f7274696c6c61732e20546f702077697468206368656573652e20466f6c6420757020746f7274696c6c6173206275727269746f207374796c652c20616e6420706c616365206f6e20612062616b696e672073686565742e0d0a42616b6520666f72203132206d696e7574657320696e2074686520707265686561746564206f76656e2c20616e642073657276652e, '00:50:00', 1, 0x436f6d6d656e74732a, '0000-00-00', '2013-04-11', 1, 'SWEET POTATO BURRITOS'),
(45, 'Southern Fried Chicken', 0x41206375742d757020636869636b656e206472656467656420696e206275747465726d696c6b20616e6420736561736f6e656420666c6f75722c207468656e20646565702d667269656420746f2070657266656374696f6e2e, 0x496e2061206c61726765207368616c6c6f7720646973682c206d697820746f67657468657220666c6f75722c20736561736f6e65642073616c742c206761726c696320706f776465722c206f6e696f6e20706f776465722c20616e6420626c61636b207065707065722e20496e206120736570617261746520626f776c2c206265617420656767732c207468656e20776869736b20696e206275747465726d696c6b2c2062617262657175652073617563652c20576f7263657374657273686972652073617563652c20616e6420737465616b2073617563652e0d0a44726564676520636869636b656e20696e206d696c6b206d6978747572652c207468656e20696e20736561736f6e656420666c6f75722c20616c7465726e6174696e6720696e2065616368206174206c656173742074776963652e2048656174206f696c20696e2061206c617267652c20646565702d736964656420736b696c6c657420746f2033373520646567726565732046202831393020646567726565732043292e0d0a436f6f6b20636869636b656e20696e20686f74206f696c20756e74696c20676f6c64656e2062726f776e206f6e20626f74682073696465732c2061626f7574203130206d696e75746573206561636820736964652e, '00:30:00', 1, 0x436f6d6d656e74732a, '0000-00-00', '2013-04-11', 1, 'SOUTHERN FRIED CHICKEN'),
(46, 'Potato Salad Sandwich', 0x546869732073616e64776963682069732062617365642077686f6c6c79206f6e20706f7461746f2073616c61642e, 0x4f70656e2062756e20616e6420737072656164206561636820736964652077697468206d61796f6e6e616973652e20506c616365206c657474756365206c656176657320616e6420746f6d61746f20736c69636573206f6e20626f74746f6d2068616c66206f662062756e2e2053636f6f7020706f7461746f2073616c6164206f6e746f20746f6d61746f2c20616e642067656e746c792073707265616420746f77617264206564676573206f662062756e2e20436f766572207769746820746f70206f662062756e2e, '00:05:00', 1, 0x436f6d6d656e74732a, '0000-00-00', '2013-04-11', 2, 'POTATO SALAD SANDWICH'),
(47, 'Skillet Salmon', 0x596f75277265206f6e6c79203230206d696e7574657320617761792066726f6d2073697a7a6c696e672073616c6d6f6e20696e206120637265616d7920736175636520696e6675736564207769746820637563756d62657220616e642064696c6c2e204c6f772d6661742c206c6f772d63616c2c2062696720666c61766f722e, 0x48656174206c6172676520736b696c6c65742073707261796564207769746820636f6f6b696e67207370726179206f6e206d656469756d2d6869676820686561742e2041646420666973683b20636f6f6b2035206d696e2e206f6e20656163682073696465206f7220756e74696c206669736820666c616b657320656173696c79207769746820666f726b2e2052656d6f76652066726f6d20736b696c6c65743b20636f76657220746f206b656570207761726d2e0d0a416464206d696c6b20616e6420726564756365642d66617420637265616d2063686565736520746f20736b696c6c65743b20636f6f6b20616e64207374697220756e74696c20637265616d2063686565736520697320636f6d706c6574656c79206d656c74656420616e64206d6978747572652069732077656c6c20626c656e6465642e205374697220696e20637563756d6265727320616e642064696c6c2e0d0a52657475726e206669736820746f20736b696c6c65742e20436f6f6b2032206d696e2e206f7220756e74696c20686561746564207468726f7567682e205365727665206f76657220726963653b20746f70207769746820637265616d206368656573652073617563652e, '00:20:00', 1, 0x436f6d6d656e74732a, '0000-00-00', '2013-04-11', 1, 'SKILLET SALMON'),
(48, 'Spicy Grilled Shrimp', 0x5468697320697320616e20616d617a696e67207370696379206772696c6c656420736872696d70207265636970652e, 0x576869736b20746f67657468657220746865206f6c697665206f696c2c20736573616d65206f696c2c20706172736c65792c20686f742073617563652c206d696e636564206761726c69632c206b6574636875702c206368696c652073617563652c2073616c742c207065707065722c20616e64206c656d6f6e206a7569636520696e2061206d6978696e6720626f776c2e205365742061736964652061626f757420312f33206f662074686973206d6172696e61646520746f20757365207768696c65206772696c6c696e672e0d0a506c6163652074686520736872696d7020696e2061206c617267652c2072657365616c61626c6520706c6173746963206261672e20506f757220696e207468652072656d61696e696e67206d6172696e61646520616e64207365616c20746865206261672e20526566726967657261746520666f72203220686f7572732e0d0a5072656865617420616e206f7574646f6f72206772696c6c20666f72206869676820686561742e2054687265616420736872696d70206f6e746f20736b65776572732c207069657263696e67206f6e6365206e65617220746865207461696c20616e64206f6e6365206e6561722074686520686561642e2044697363617264206d6172696e6164652e0d0a4c696768746c79206f696c206772696c6c2067726174652e20436f6f6b20736872696d7020666f722032206d696e7574657320706572207369646520756e74696c206f70617175652c2062617374696e67206672657175656e746c792077697468207265736572766564206d6172696e6164652e, '02:45:00', 1, 0x436f6d6d656e74732a, '0000-00-00', '2013-04-11', -1, 'SPICY GRILLED SHRIMP'),
(49, 'Grilled Potatoes and Onion', 0x416c7761797320636f6f6b2075702061207061636b616765206f6620706f7461746f657320616e64206f6e696f6e732077697468207468652072657374206f6620796f7572206772696c6c6564206d65616c21205374617274206561726c792c20626563617573652069742074616b65732061626f757420612068616c6620616e20686f757220746f20636f6f6b2e20546865736520636f6f6b206f76657220696e646972656374206865617420286f666620746f207468652073696465292c20736f20796f752063616e206772696c6c206f74686572207468696e6773206174207468652073616d652074696d652e, 0x50726568656174206772696c6c20666f72206d656469756d20686561742e0d0a466f722065616368207061636b65742c206d656173757265206f75742032206f7220332073717561726573206f6620616c756d696e756d20666f696c206c6172676520656e6f75676820746f20656173696c7920777261702074686520766567657461626c65732c20616e64206c61796572206f6e65206f6e20746f70206f6620746865206f746865722e20506c61636520736f6d65206f662074686520706f7461746f657320616e64206f6e696f6e20696e207468652063656e7465722c20737072696e6b6c6520776974682073616c7420616e64207065707065722c20616e6420646f742077697468206275747465722e205772617020696e746f206120666c617474656e6564207371756172652c20616e64207365616c207468652065646765732e2052657065617420776974682072656d61696e696e6720706f7461746f657320616e64206f6e696f6e2e0d0a506c61636520616c756d696e756d2077726170706564207061636b616765206f76657220696e64697265637420686561742c20616e6420636f7665722e20436f6f6b20666f7220617070726f78696d6174656c79203330206d696e757465732c207475726e696e67206f6e63652e20536572766520686f74206f666620746865206772696c6c2e, '00:45:00', 1, 0x436f6d6d656e74732a, '0000-00-00', '2013-04-11', -1, 'GRILLED POTATOES AND ONION'),
(50, '3-Cheese Pasta Bake', 0x54656e64657220636f726b736372657720706173746120697320636c6f616b656420696e206120637265616d79206d757368726f6f6d2073617563652073706f7274696e6720666c61766f7273206f6620746872656520636865657365732e, 0x4d697820736f75702c20636865657365732c206d696c6b20616e6420626c61636b2070657070657220696e203120312f322d71742e206361737365726f6c652e205374697220696e2070617374612e0d0a42616b6520617420343030206465677265657320462e20666f72203230206d696e2e206f7220756e74696c20686f742e, '00:25:00', 1, 0x436f6d6d656e74732a, '0000-00-00', '2013-04-11', -1, '3-CHEESE PASTA BAKE'),
(51, 'Brown Rice Salad', 0x412064656c6963696f75732062726f776e20726963652073616c616420726563697065204920636f6e636f63746564206d7973656c662e2045766572796f6e65206c6f7665732069742e20477265617420746f2074616b6520746f20706172746965732061732061207369646520646973682e, 0x496e206120736175636570616e2c206272696e6720776174657220746f206120626f696c2e205374697220696e20726963652c20636f7665722c20616e6420726564756365206865617420746f206c6f772e2053696d6d657220666f7220343520746f203630206d696e757465732c206f7220756e74696c20646f6e652e0d0a5472616e73666572207269636520746f20612073657276696e6720626f776c2c20616e64207374697220696e206f6e696f6e2c2063656c6572792c206372616e626572726965732c2073616c6164206472657373696e6720616e642073756761722e20436f7665722c2072656672696765726174652c20616e6420736572766520636f6c642e, '03:00:00', 1, 0x436f6d6d656e74732a, '0000-00-00', '2013-04-11', -1, 'BROWN RICE SALAD'),
(52, 'Homemade Hash Browns', 0x54686573652061726520746865206265737420686f6d656d61646520686173682062726f776e7321, 0x496e2061206c6172676520626f776c2c206d697820746f6765746865722074686520666c6f75722c20636f726e6d65616c2c2073616c7420616e642062616b696e6720706f776465722e2041646420706f7461746f65732c20312f3320637570206f66206f696c2c206567677320616e64206f6e696f6e20616e64206d697820756e74696c206576656e6c7920626c656e6465642e0d0a4865617420312f3420637570206f66206f696c20696e2061206c6172676520736b696c6c6574206f766572206d656469756d2d6869676820686561742e2044726f702068656170696e67207461626c6573706f6f6e73206f662074686520706f7461746f657320696e746f2074686520686f74206f696c2c20666c617474656e696e6720736c696768746c792e20436f6f6b20756e74696c2062726f776e6564206f6e2074686520626f74746f6d20616e64207468656e20666c697020616e6420636f6f6b206f6e20746865206f7468657220736964652e204b65657020696e2061207761726d206f76656e207768696c6520667279696e672074686520726573742e, '00:40:00', 1, 0x436f6d6d656e74732a, '0000-00-00', '2013-04-11', -1, 'HOMEMADE HASH BROWNS'),
(53, 'Applesauce', 0x416e20656173792c20717569636b206170706c657361756365207265636970652e, 0x496e2061203220717561727420736175636570616e206f766572206d656469756d20686561742c20636f6d62696e65206170706c65732c2077617465722c2063696e6e616d6f6e2c20616e6420636c6f7665732e204272696e6720746f206120626f696c2c2072656475636520686561742c20616e642073696d6d6572203130206d696e757465732e205374697220696e2073756761722c20616e642073696d6d65722035206d6f7265206d696e757465732e, '00:35:00', 1, 0x436f6d6d656e74732a, '0000-00-00', '2013-04-11', -1, 'APPLESAUCE'),
(54, 'BBQ Corn', 0x576f726b207468617420736d6f6b6572206d61676963206f6e20636f726e206f6e20636f622e204265207375726520746f206765742074686520636f726e206265666f7265207468652070726f6475636520706572736f6e207472696d73206f666620736f6d65206f6620746865206f75746572206875736b732e2054686520636f726e206d75737420626520636f6d706c6574656c7920636f766572656420627920746865206875736b2e20557365207065656c6564206261636b206875736b7320666f722068616e646c6573207768656e20656174696e672e205468697320726563697065206d756c7469706c6965732077656c6c2c20616e642063616e206265207573656420746f206d616b6520636f726e20666f7220612063726f77642e20596f752077696c6c206e656564206261676765642069636520666f7220746869732072656369706520746f206b6565702074686520636f726e20636f6c642e, 0x506c6163652077686f6c652065617273206f6620636f726e20696e20616e206963652063686573742e20506f75722062656572206f76657220746f702e2044756d7020696365206f7574206f766572207468652065617273206f6620636f726e2e20506c61636520746865206c6964206f6e2074686520636f6f6c65722c20616e64206c657420736974203820686f7572732c206f72206f7665726e696768742e0d0a5072656865617420736d6f6b657220746f203235302064656772656573204620282031323020646567726565732043292e0d0a506c61636520636f726e20696e2074686520736d6f6b657220616e6420636c6f736520746865206c69642e20436f6f6b20666f72203120746f203220686f7572732c207475726e696e67206576657279203230206d696e75746573206f7220736f2e204b65726e656c732073686f756c64206769766520656173696c7920756e646572207072657373757265207768656e20646f6e652e20546f206561742c206a757374207065656c206261636b20746865206875736b7320616e6420757365207468656d20666f7220612068616e646c652e, '10:00:00', 1, 0x436f6d6d656e74732a, '0000-00-00', '2013-04-11', -1, 'BBQ CORN'),
(55, 'Garlic Green Beans', 0x5468697320766572792073696d706c6520717569636b20616e642065617379207369646520646973682e, 0x4d656c742062757474657220696e206120736b696c6c6574206f766572206d656469756d20686561743b20636f6f6b20616e64207374697220677265656e206265616e7320616e64206761726c696320756e74696c206265616e7320626567696e20746f20746861772e20536561736f6e20776974682073616c7420616e6420636f6e74696e756520636f6f6b696e6720616e64207374697272696e6720756e74696c206265616e7320617265206c696768746c792062726f776e65642c20313020746f203135206d696e757465732e, '00:20:00', 1, 0x436f6d6d656e74732a, '0000-00-00', '2013-04-11', -1, 'GARLIC GREEN BEANS'),
(56, 'Lemon Pepper Pasta', 0x4661737420616e64206561737920746f206d616b6520616e7974696d652c20616e6420696e20616476616e63652e, 0x4272696e672061206c6172676520706f74206f66206c696768746c792073616c74656420776174657220746f206120626f696c2e2041646420706173746120616e6420636f6f6b20666f72203820746f203130206d696e757465732c206f7220756e74696c20646f6e653b20647261696e2e0d0a496e206120736d616c6c20626f776c2c20636f6d62696e65206f6c697665206f696c2c206c656d6f6e206a756963652c20626173696c20616e6420626c61636b207065707065722e204d69782077656c6c20616e6420746f73732077697468207468652070617374612e20536572766520686f74206f7220636f6c642e, '00:20:00', 1, 0x436f6d6d656e74732a, '0000-00-00', '2013-04-11', -1, 'LEMON PEPPER PASTA'),
(57, 'Oven Fried Potatos', 0x506f7461746f65732c207765646765642c20726f6c6c656420696e2061206d697874757265206f66206c656d6f6e206a7569636520616e64206f696c2c20616e642062616b656420696e20686f74206f76656e2e, 0x50726568656174206f76656e20746f2034323520646567726565732046202832323020646567726565732043292e204c696e6520612062616b696e67207368656574207769746820616c756d696e756d20666f696c20616e64207370726179207769746820766567657461626c6520636f6f6b696e672073707261792e0d0a496e2061207368616c6c6f7720626f776c20636f6d62696e65206f696c20616e64206c656d6f6e206a756963652e2044697020706f7461746f657320696e206f696c2f6c656d6f6e206d69787475726520616e6420736561736f6e20776974682073616c7420616e64207065707065722c20746f2074617374652e20506c616365206f6e2062616b696e672073686565742e0d0a42616b6520696e20707265686561746564206f76656e20666f72203230206d696e757465732e2052656d6f76652066726f6d206f76656e20616e64207475726e20776564676573206f7665722e2052657475726e20746f206f76656e20616e6420636f6e74696e756520636f6f6b696e6720756e74696c20637269737020616e642062726f776e206f6e20626f74682073696465732c2061626f7574203130206d696e75746573206d6f72652e, '00:40:00', 1, 0x436f6d6d656e74732a, '0000-00-00', '2013-04-11', -1, 'OVEN FRIED POTATOS'),
(58, 'Rainbow Pasta Salad', 0x41207465727269666963204974616c69616e2d666c61766f7265642070617374612073616c616420776974682062726f63636f6c692c207065707065726f6e6920616e64206368656573652e, 0x4272696e672061206c6172676520706f74206f66206c696768746c792073616c74656420776174657220746f206120626f696c2e2041646420706173746120616e6420636f6f6b20666f72203820746f203130206d696e75746573206f7220756e74696c20616c2064656e74653b20647261696e20616e642072696e736520747769636520696e20636f6c642077617465722e0d0a496e2061206c6172676520626f776c2c20636f6d62696e6520636f6f6b65642070617374612c207065707065726f6e692c2062726f63636f6c692c206f6c697665732c2063686565736520616e64206472657373696e672e0d0a526566726967657261746520666f72206174206c65617374203120686f7572206265666f72652073657276696e672e, '00:01:30', 1, 0x436f6d6d656e74732a, '0000-00-00', '2013-04-11', -1, 'RAINBOW PASTA SALAD'),
(59, 'Scalloped Corn', 0x50657266656374206469736820666f72205468616e6b73676976696e67, 0x50726568656174206f76656e20746f2033353020646567726565732046202831373520646567726565732043292e2047726561736520612039207820313320696e63682062616b696e6720646973682e0d0a4d697820746f67657468657220636f726e2c20736f757220637265616d2c20656767732c206d656c74656420627574746572206f72206d6172676172696e652c20616e642073756761722e204d697820696e206d756666696e206d69782e20506f757220696e746f2070726570617265642062616b696e6720646973682e0d0a42616b6520666f7220333520746f203430206d696e757465732c206f7220756e74696c2061206b6e69666520696e736572746564206d696477617920696e746f2070616e20636f6d6573206f757420636c65616e2e, '00:40:00', 1, 0x436f6d6d656e74732a, '0000-00-00', '2013-04-11', -1, 'SCALLOPED CORN'),
(60, 'Spanish Rice', 0x5665727920656173792c207665727920676f6f64205370616e697368207269636521, 0x496e2061206c6172676520736b696c6c65742c20636f6d62696e65206f696c2c20726963652c206f6e696f6e2c20677265656e2070657070657220616e642073616c7420616e642070657070657220756e74696c2074686520726963652069732061206c696768742062726f776e20636f6c6f722e2052656d6f766520736b696c6c65742066726f6d2073746f76652e0d0a4d697820746f6d61746f657320696e746f20746865206d6978747572652e20506f757220696e207761746572202869742073686f756c6420636f7665722074686520656e74697265206d6978747572653b20757365206d6f7265206966206e6563657373617279292e2052657475726e2074686520736b696c6c657420746f207468652073746f7665746f7020616e64206272696e6720746865206d69787475726520746f20612066756c6c20626f696c3b2073616c7420616e642070657070657220746f2074617374652e205768656e20746865206d69787475726520626567696e7320746f20626f696c2c20636f7665722074686520736b696c6c65742c20616e6420726564756365206865617420746f20612073696d6d65722e20436f6f6b20313220746f203135206d696e7574657320616e64206e657665722c2049206d65616e204e455645522c2072656d6f76652074686520636f7665722e20416674657220313220746f203135206d696e757465732c207475726e2073746f7665206f666620616e64206c6574207374616e6420666f7220616e6f7468657220313220746f203135206d696e757465732e20444f204e4f542072656d6f766520636f76657220756e74696c207468652066696e616c203135206d696e757465732068617320656c617073656421, '01:00:00', 1, 0x436f6d6d656e74732a, '0000-00-00', '2013-04-11', -1, 'SPANISH RICE'),
(61, 'Steamed Radishes', 0x4576656e20696620796f75277265206e6f7420612066616e206f662072616469736865732c20545259205448495321205768656e20737465616d65642c20746865207261646973686573206172652074656e64657220616e642073776565742e2e2e2e2e2064656c6963696f757321, 0x5472696d2074686520656e6473206f6666206f662074686520726164697368657320616e64207065656c20612062616e64206f66207261646973682d736b696e2066726f6d2061726f756e6420746865206d6964646c65206f6620746865207261646973682e0d0a537465616d2074686520726164697368657320696e206120636f7665726564206d6963726f77617665207361666520636f6e7461696e657220666f722038206d696e757465732c206f7220756e74696c20666f726b2074656e6465722e20447261696e20616e6420746f73732077697468206275747465722c20736572766520696d6d6564696174656c792e, '00:10:00', 1, 0x436f6d6d656e74732a, '0000-00-00', '2013-04-11', -1, 'STEAMED RADISHES'),
(62, 'Taco Rice', 0x546869732074617374792072696365206772656174206164646974696f6e20746f207461636f7320656974686572206f6e2074686520696e73696465206f72206f75742e204d79206669616e6365207261766573206f7665722074686973207265636970652e, 0x496e2061206c6172676520706f742c206272696e6720636869636b656e2062726f74682c20746f6d61746f2073617563652c20616e64207461636f20736561736f6e696e6720746f206120626f696c2e0d0a53746972207269636520696e746f2074686520706f742c20636f76657220616e642072656d6f76652066726f6d20686561742e204c65742074686520706f74207374616e642c20636f76657265642c20666f722035206d696e757465732e0d0a5374697220696e2063686565736520616e64206f6c697665733b206d69782077656c6c2e205365727665207769746820736f757220637265616d2e, '00:15:00', 1, 0x436f6d6d656e74732a, '0000-00-00', '2013-04-11', -1, 'TACO RICE'),
(63, 'Zucchini Noodles', 0x4120746173747920616e6420666169726c792073696d706c652077617920666f722070656f706c65206f6e206120676c7574656e2d66726565206f722077686561742d66726565206469657420746f20656e6a6f792061206e6f6f646c6520646973682e, 0x437574207a75636368696e6920696e746f207468696e2c206e6f6f646c652d6c696b6520737472697073202861206d616e646f6c696e6520776f726b732077656c6c20666f722074686973292e20546f737320776974682074686520322074656173706f6f6e732073616c742c20616e6420706c61636520696e206120636f6c616e64657220746f20647261696e20666f72203330206d696e757465732e0d0a4272696e67206120706f74206f6620776174657220746f20626f696c2e20416464207a75636368696e693b20636f6f6b20666f72206f6e65206d696e7574652e20447261696e3b2072696e736520696d6d6564696174656c79207769746820636f6c6420776174657220746f2073746f7020636f6f6b696e672e0d0a48656174206d6172676172696e6520696e2061206c6172676520736b696c6c6574206f766572206d656469756d206869676820686561742e20416464207a75636368696e6920616e64206761726c69633b20636f6f6b20616e64207374697220756e74696c206a7573742074656e6465722c2061626f75742035206d696e757465732e20536561736f6e20746f20746173746520776974682073616c7420616e64207065707065722e20537072696e6b6c652077697468205061726d6573616e206368656573652e, '00:45:00', 1, 0x436f6d6d656e74732a, '0000-00-00', '2013-04-11', -1, 'ZUCCHINI NOODLES'),
(64, 'Warm Corn Salad', 0x546869732073616c616420676f6573206772656174207769746820737465616b2e204e6f2073756761722069732061646465642c20627574206974277320736f20737765657421, 0x48656174207468652062757474657220696e206120736175636570616e206f766572206d656469756d20686561742c20616e64207374697220696e2074686520636f726e20616e64206f6e696f6e2e20436f6f6b2035206d696e757465732c20756e74696c20686561746564207468726f7567682e204d697820696e20706172736c65792c20616e6420736561736f6e20776974682073616c7420616e64207065707065722e204761726e69736820776974682063686976657320746f2073657276652e, '00:20:00', 1, 0x436f6d6d656e74732a, '0000-00-00', '2013-04-11', -1, 'WARM CORN SALAD'),
(65, 'Delicious Brussels Sprouts', 0x496620796f75207468696e6b20796f7520646f6e2774206c696b65204272757373656c73207370726f7574732c206769766520746869732072656369706520612074727920616e6420646973636f7665722074686520636f6f6b696e6720746563686e697175652074686174206d616b6573204272757373656c73207370726f75747320697272657369737469626c652e, 0x486561742062757474657220616e64206f6c697665206f696c20696e206120736b696c6c6574206f7665722068696768206865617420756e74696c20627574746572206973206d656c74656420616e6420626567696e7320746f2062726f776e2c203120746f2032206d696e757465732e0d0a53746972204272757373656c73207370726f75747320616e64206c656d6f6e206a7569636520696e746f2062757474657220616e64206f696c3b20636f6f6b2c207374697272696e6720636f6e7374616e746c792c20756e74696c207370726f75747320617265206a75737420686561746564207468726f75676820616e64207374617274696e6720746f20736f6674656e2c2061626f7574203435207365636f6e64732e2052656d6f76652066726f6d20686561742e0d0a536561736f6e20776974682073616c7420616e642070657070657220616e642073657276652e, '00:10:00', 1, 0x436f6d6d656e74732a, '0000-00-00', '2013-04-11', -1, 'DELICIOUS BRUSSELS SPROUTS'),
(66, 'Turkey Dumplings', 0x5468657365206d6f6973742064756d706c696e6773207061636b65642077697468207475726b657920666c61766f7220617265206561737920616e642066756e20746f206d616b652e, 0x506c61636520746865207475726b65792c2077617465722c2073616c7420616e642070657070657220696e2061206d656469756d20736175636570616e20616e64206272696e6720746f206120626f696c2e20526564756365206865617420616e642073696d6d657220333020746f203430206d696e757465732c206f7220756e74696c20612062726f74682068617320666f726d65642e0d0a53707265616420666c6f7572206f6e2061206d656469756d2063757474696e6720626f617264206f72206f7468657220666c617420737572666163652e20526f6c6c206f7574206269736375697420646f75676820616e642063757420697420696e746f2031783220696e6368207069656365732e2044726f70207468652070696563657320696e746f207468652062726f746820616e6420636f6f6b206f766572206c6f77206865617420617070726f78696d6174656c79203135206d696e757465732e, '01:30:00', 1, 0x436f6d6d656e74732a, '0000-00-00', '2013-04-11', -1, 'TURKEY DUMPLINGS'),
(67, 'Sweet Potatoes With Feta Cheese', 0x41206e6577207477697374206f6e206120636c617373696320766567657461626c652e20537765657420706f7461746f657320646f6e2774206861766520746f206265206a75737420666f722074686520686f6c69646179732e205468697320656c6567616e74206469736820686173207468656d20746f70706564207769746820736561736f6e656420666574612063686565736520616e6420612062616c73616d6963206472697a7a6c652e, 0x506c6163652074686520736c69636573206f6620737765657420706f7461746f657320696e746f2061206d6963726f77617665207361666520646973682c20616e6420616464206a75737420656e6f75676820776174657220746f20636f7665722e20436f6f6b20666f72203130206d696e7574657320696e20746865206d6963726f776176652c206f7220756e74696c207374617274696e6720746f206265636f6d652074656e6465722e0d0a5072656865617420746865206f76656e27732062726f696c65722e20506c6163652074686520737765657420706f7461746f20736c69636573206f6e746f206120677265617365642062726f696c65722070616e2e20536c6963652074686520666574612063686565736520746865206265737420796f752063616e2c20616e6420706c6163652061207069656365206f6e20746f70206f66206561636820706f7461746f20736c6963652e204472697a7a6c652062616c73616d69632076696e65676172206f76657220616c6c2e0d0a506c61636520756e64657220746865207072656865617465642062726f696c657220666f722061626f75742036206d696e757465732c206f7220756e74696c20636865657365206973206c696768746c792062726f776e65642e, '00:26:00', 1, 0x436f6d6d656e74732a, '0000-00-00', '2013-04-11', -1, 'SWEET POTATOES WITH FETA CHEESE'),
(68, 'Oven Pot Roast', 0x5468697320697320736f206561737920616e64207461737465732067726561742e204974206d616b657320776f6e64657266756c206772617679207768696c65206974277320636f6f6b696e672e, 0x50726568656174206f76656e20746f2033323520646567726565732046202831363520646567726565732043292e0d0a496e2061206c61726765206d6978696e6720626f776c2c20636f6d62696e652074686520666c6f757220616e6420626c61636b2070657070657220746f2074617374652e20447265646765207468652072756d7020726f61737420696e2074686520666c6f757220616e6420636f766572206576656e6c792e205368616b65206f6666206578636573732e0d0a496e2061206c6172676520706f74206f766572206d656469756d2f6869676820686561742c206d656c74207468652062757474657220616e642062726f776e2074686520726f617374206f6e20616c6c2073696465732e20506c61636520696e20612034207175617274206361737365726f6c6520646973682077697468206c69642e0d0a496e206120736d616c6c20626f776c2c20636f6d62696e652074686520736f7570206d69782c206d757368726f6f6d20736f75702c20616e64207665726d6f757468206f722077686974652077696e653b20706f7572206f76657220726f6173742e0d0a436f76657220616e642062616b6520696e20707265686561746564206f76656e20666f72203320686f757273206f7220756e74696c206465736972656420646f6e656e6573732e, '03:15:00', 1, 0x436f6d6d656e74732a, '0000-00-00', '2013-04-11', 1, 'OVEN POT ROAST');

--
-- Constraints for dumped tables
--

--
-- Constraints for table `dish`
--
ALTER TABLE `dish`
  ADD CONSTRAINT `dish_ibfk_1` FOREIGN KEY (`recipe_id`) REFERENCES `recipe` (`recipe_id`) ON DELETE CASCADE ON UPDATE CASCADE,
  ADD CONSTRAINT `dish_ibfk_2` FOREIGN KEY (`meal_id`) REFERENCES `meal` (`meal_id`) ON DELETE CASCADE ON UPDATE CASCADE;

--
-- Constraints for table `ingredient`
--
ALTER TABLE `ingredient`
  ADD CONSTRAINT `ingredient_ibfk_1` FOREIGN KEY (`food_id`) REFERENCES `food` (`food_id`) ON DELETE CASCADE ON UPDATE CASCADE,
  ADD CONSTRAINT `ingredient_ibfk_2` FOREIGN KEY (`recipe_id`) REFERENCES `recipe` (`recipe_id`) ON DELETE CASCADE ON UPDATE CASCADE;

--
-- Constraints for table `meal_connector`
--
ALTER TABLE `meal_connector`
  ADD CONSTRAINT `meal_connector_ibfk_1` FOREIGN KEY (`meal_id`) REFERENCES `meal` (`meal_id`) ON DELETE CASCADE ON UPDATE CASCADE,
  ADD CONSTRAINT `meal_connector_ibfk_2` FOREIGN KEY (`meal_plan_id`) REFERENCES `meal_plan` (`meal_plan_id`) ON DELETE CASCADE ON UPDATE CASCADE;
